<?xml version="1.0" ?>
<annotation>
  <folder>HFUT-VL2</folder>
  <filename>11_22</filename>
  <path>D:\HFUT-VL2\11_22.jpg</path>
  <source>
    <database>Unkown</database>
  </source>
  <size>
    <width>64</width>
    <height>96</height>
    <depth>64</depth>
  </size>
  <segmented>0</segmented>
  <object>
    <name>carlogo</name>
    <pose>Unspecified</pose>
    <truncated>0</truncated>
    <difficult>0</difficult>
    <bndbox>
      <xmin>30</xmin>
      <ymin>108</ymin>
      <xmax>66</xmax>
      <ymax>147</ymax>
    </bndbox>
  </object>
</annotation>
