<annotation>
  <folder>HFUT-VL2</folder>
  <filename>62_193</filename>
  <path>D:\HFUT-VL2\62_193.jpg</path>
  <source>
    <database>Unknown</database>
  </source>
  <size>
    <width>64</width>
    <height>96</height>
    <depth>1</depth>
  </size>
  <segmented>0</segmented>
  <object>
    <name>carlogo</name>
    <pose>Unspecified</pose>
    <truncated>0</truncated>
    <difficult>0</difficult>
    <bndbox>
      <xmin>22</xmin>
      <ymin>80</ymin>
      <xmax>41</xmax>
      <ymax>95</ymax>
    </bndbox>
  </object>
</annotation>
