<annotation>
  <folder>HFUT-VL2</folder>
  <filename>10_52.jpg</filename>
  <path>D:\HFUT-VL2\10_52.jpg</path>
  <source>
    <database>Unkown</database>
  </source>
  <size>
    <width>64</width>
    <height>96</height>
    <depth>1</depth>
  </size>
  <segmented>0</segmented>
  <object>
    <name>mazda</name>
    <pose>Unspecified</pose>
    <truncated>0</truncated>
    <difficult>0</difficult>
    <bndbox>
      <xmin>17</xmin>
      <ymin>53</ymin>
      <xmax>46</xmax>
      <ymax>74</ymax>
    </bndbox>
  </object>
</annotation>