<annotation>
  <folder>HFUT-VL2</folder>
  <filename>11_42.jpg</filename>
  <path>D:\HFUT-VL2\11_42.jpg</path>
  <source>
    <database>Unknown</database>
  </source>
  <size>
    <width>64</width>
    <height>96</height>
    <depth>1</depth>
  </size>
  <segmented>0</segmented>
  <object>
    <name>mg</name>
    <pose>Unspecified</pose>
    <truncated>0</truncated>
    <difficult>0</difficult>
    <bndbox>
      <xmin>10</xmin>
      <ymin>30</ymin>
      <xmax>21</xmax>
      <ymax>41</ymax>
    </bndbox>
  </object>
</annotation>