<annotation>
  <folder>HFUT-VL2</folder>
  <filename>11_41.jpg</filename>
  <path>D:\HFUT-VL2\11_41.jpg</path>
  <source>
    <database>Unkown</database>
  </source>
  <size>
    <width>64</width>
    <height>96</height>
    <depth>1</depth>
  </size>
  <segmented>0</segmented>
  <object>
    <name>mg</name>
    <pose>Unspecified</pose>
    <truncated>0</truncated>
    <difficult>0</difficult>
    <bndbox>
      <xmin>19</xmin>
      <ymin>61</ymin>
      <xmax>42</xmax>
      <ymax>85</ymax>
    </bndbox>
  </object>
</annotation>