<annotation>
  <folder>HFUT-VL2</folder>
  <filename>12_159.jpg</filename>
  <path>D:\HFUT-VL2\12_159.jpg</path>
  <source>
    <database>Unkown</database>
  </source>
  <size>
    <width>64</width>
    <height>96</height>
    <depth>1</depth>
  </size>
  <segmented>0</segmented>
  <object>
    <name>nissan</name>
    <pose>Unspecified</pose>
    <truncated>0</truncated>
    <difficult>0</difficult>
    <bndbox>
      <xmin>18</xmin>
      <ymin>38</ymin>
      <xmax>49</xmax>
      <ymax>66</ymax>
    </bndbox>
  </object>
</annotation>