<annotation>
  <folder>HFUT-VL2</folder>
  <filename>12_160.jpg</filename>
  <path>D:\HFUT-VL2\12_160.jpg</path>
  <source>
    <database>Unkown</database>
  </source>
  <size>
    <width>64</width>
    <height>96</height>
    <depth>1</depth>
  </size>
  <segmented>0</segmented>
  <object>
    <name>nissan</name>
    <pose>Unspecified</pose>
    <truncated>0</truncated>
    <difficult>0</difficult>
    <bndbox>
      <xmin>19</xmin>
      <ymin>48</ymin>
      <xmax>51</xmax>
      <ymax>77</ymax>
    </bndbox>
  </object>
</annotation>